, where, what, value
0, driver, kernel_time, 0.000005483000
1, driver, total_time, 0.000009612000
2, GPU1.CommandProcessor, kernel_time, 0.000004894000
3, GPU1.SA_00.CU_00, cu_inst_count, 26.000000000000
4, GPU1.SA_00.CU_00, cu_CPI, 210.884615384615
5, GPU1.SA_00.CU_00, simd_inst_count, 13.000000000000
6, GPU1.SA_00.CU_00, simd_CPI, 421.769230769231
7, GPU1.SA_00.CU_00, v_mul_count, 1.000000000000
8, GPU1.SA_00.CU_01, cu_inst_count, 0.000000000000
9, GPU1.SA_00.CU_01, cu_CPI, +Inf
10, GPU1.SA_00.CU_01, simd_inst_count, 0.000000000000
11, GPU1.SA_00.CU_01, simd_CPI, +Inf
12, GPU1.SA_00.CU_01, v_mul_count, 0.000000000000
13, GPU1.SA_00.CU_02, cu_inst_count, 0.000000000000
14, GPU1.SA_00.CU_02, cu_CPI, +Inf
15, GPU1.SA_00.CU_02, simd_inst_count, 0.000000000000
16, GPU1.SA_00.CU_02, simd_CPI, +Inf
17, GPU1.SA_00.CU_02, v_mul_count, 0.000000000000
18, GPU1.SA_00.CU_03, cu_inst_count, 0.000000000000
19, GPU1.SA_00.CU_03, cu_CPI, +Inf
20, GPU1.SA_00.CU_03, simd_inst_count, 0.000000000000
21, GPU1.SA_00.CU_03, simd_CPI, +Inf
22, GPU1.SA_00.CU_03, v_mul_count, 0.000000000000
23, GPU1.SA_01.CU_00, cu_inst_count, 0.000000000000
24, GPU1.SA_01.CU_00, cu_CPI, +Inf
25, GPU1.SA_01.CU_00, simd_inst_count, 0.000000000000
26, GPU1.SA_01.CU_00, simd_CPI, +Inf
27, GPU1.SA_01.CU_00, v_mul_count, 0.000000000000
28, GPU1.SA_01.CU_01, cu_inst_count, 0.000000000000
29, GPU1.SA_01.CU_01, cu_CPI, +Inf
30, GPU1.SA_01.CU_01, simd_inst_count, 0.000000000000
31, GPU1.SA_01.CU_01, simd_CPI, +Inf
32, GPU1.SA_01.CU_01, v_mul_count, 0.000000000000
33, GPU1.SA_01.CU_02, cu_inst_count, 0.000000000000
34, GPU1.SA_01.CU_02, cu_CPI, +Inf
35, GPU1.SA_01.CU_02, simd_inst_count, 0.000000000000
36, GPU1.SA_01.CU_02, simd_CPI, +Inf
37, GPU1.SA_01.CU_02, v_mul_count, 0.000000000000
38, GPU1.SA_01.CU_03, cu_inst_count, 0.000000000000
39, GPU1.SA_01.CU_03, cu_CPI, +Inf
40, GPU1.SA_01.CU_03, simd_inst_count, 0.000000000000
41, GPU1.SA_01.CU_03, simd_CPI, +Inf
42, GPU1.SA_01.CU_03, v_mul_count, 0.000000000000
43, GPU1.SA_02.CU_00, cu_inst_count, 0.000000000000
44, GPU1.SA_02.CU_00, cu_CPI, +Inf
45, GPU1.SA_02.CU_00, simd_inst_count, 0.000000000000
46, GPU1.SA_02.CU_00, simd_CPI, +Inf
47, GPU1.SA_02.CU_00, v_mul_count, 0.000000000000
48, GPU1.SA_02.CU_01, cu_inst_count, 0.000000000000
49, GPU1.SA_02.CU_01, cu_CPI, +Inf
50, GPU1.SA_02.CU_01, simd_inst_count, 0.000000000000
51, GPU1.SA_02.CU_01, simd_CPI, +Inf
52, GPU1.SA_02.CU_01, v_mul_count, 0.000000000000
53, GPU1.SA_02.CU_02, cu_inst_count, 0.000000000000
54, GPU1.SA_02.CU_02, cu_CPI, +Inf
55, GPU1.SA_02.CU_02, simd_inst_count, 0.000000000000
56, GPU1.SA_02.CU_02, simd_CPI, +Inf
57, GPU1.SA_02.CU_02, v_mul_count, 0.000000000000
58, GPU1.SA_02.CU_03, cu_inst_count, 0.000000000000
59, GPU1.SA_02.CU_03, cu_CPI, +Inf
60, GPU1.SA_02.CU_03, simd_inst_count, 0.000000000000
61, GPU1.SA_02.CU_03, simd_CPI, +Inf
62, GPU1.SA_02.CU_03, v_mul_count, 0.000000000000
63, GPU1.SA_03.CU_00, cu_inst_count, 0.000000000000
64, GPU1.SA_03.CU_00, cu_CPI, +Inf
65, GPU1.SA_03.CU_00, simd_inst_count, 0.000000000000
66, GPU1.SA_03.CU_00, simd_CPI, +Inf
67, GPU1.SA_03.CU_00, v_mul_count, 0.000000000000
68, GPU1.SA_03.CU_01, cu_inst_count, 0.000000000000
69, GPU1.SA_03.CU_01, cu_CPI, +Inf
70, GPU1.SA_03.CU_01, simd_inst_count, 0.000000000000
71, GPU1.SA_03.CU_01, simd_CPI, +Inf
72, GPU1.SA_03.CU_01, v_mul_count, 0.000000000000
73, GPU1.SA_03.CU_02, cu_inst_count, 0.000000000000
74, GPU1.SA_03.CU_02, cu_CPI, +Inf
75, GPU1.SA_03.CU_02, simd_inst_count, 0.000000000000
76, GPU1.SA_03.CU_02, simd_CPI, +Inf
77, GPU1.SA_03.CU_02, v_mul_count, 0.000000000000
78, GPU1.SA_03.CU_03, cu_inst_count, 0.000000000000
79, GPU1.SA_03.CU_03, cu_CPI, +Inf
80, GPU1.SA_03.CU_03, simd_inst_count, 0.000000000000
81, GPU1.SA_03.CU_03, simd_CPI, +Inf
82, GPU1.SA_03.CU_03, v_mul_count, 0.000000000000
83, GPU1.SA_04.CU_00, cu_inst_count, 0.000000000000
84, GPU1.SA_04.CU_00, cu_CPI, +Inf
85, GPU1.SA_04.CU_00, simd_inst_count, 0.000000000000
86, GPU1.SA_04.CU_00, simd_CPI, +Inf
87, GPU1.SA_04.CU_00, v_mul_count, 0.000000000000
88, GPU1.SA_04.CU_01, cu_inst_count, 0.000000000000
89, GPU1.SA_04.CU_01, cu_CPI, +Inf
90, GPU1.SA_04.CU_01, simd_inst_count, 0.000000000000
91, GPU1.SA_04.CU_01, simd_CPI, +Inf
92, GPU1.SA_04.CU_01, v_mul_count, 0.000000000000
93, GPU1.SA_04.CU_02, cu_inst_count, 0.000000000000
94, GPU1.SA_04.CU_02, cu_CPI, +Inf
95, GPU1.SA_04.CU_02, simd_inst_count, 0.000000000000
96, GPU1.SA_04.CU_02, simd_CPI, +Inf
97, GPU1.SA_04.CU_02, v_mul_count, 0.000000000000
98, GPU1.SA_04.CU_03, cu_inst_count, 0.000000000000
99, GPU1.SA_04.CU_03, cu_CPI, +Inf
100, GPU1.SA_04.CU_03, simd_inst_count, 0.000000000000
101, GPU1.SA_04.CU_03, simd_CPI, +Inf
102, GPU1.SA_04.CU_03, v_mul_count, 0.000000000000
103, GPU1.SA_05.CU_00, cu_inst_count, 0.000000000000
104, GPU1.SA_05.CU_00, cu_CPI, +Inf
105, GPU1.SA_05.CU_00, simd_inst_count, 0.000000000000
106, GPU1.SA_05.CU_00, simd_CPI, +Inf
107, GPU1.SA_05.CU_00, v_mul_count, 0.000000000000
108, GPU1.SA_05.CU_01, cu_inst_count, 0.000000000000
109, GPU1.SA_05.CU_01, cu_CPI, +Inf
110, GPU1.SA_05.CU_01, simd_inst_count, 0.000000000000
111, GPU1.SA_05.CU_01, simd_CPI, +Inf
112, GPU1.SA_05.CU_01, v_mul_count, 0.000000000000
113, GPU1.SA_05.CU_02, cu_inst_count, 0.000000000000
114, GPU1.SA_05.CU_02, cu_CPI, +Inf
115, GPU1.SA_05.CU_02, simd_inst_count, 0.000000000000
116, GPU1.SA_05.CU_02, simd_CPI, +Inf
117, GPU1.SA_05.CU_02, v_mul_count, 0.000000000000
118, GPU1.SA_05.CU_03, cu_inst_count, 0.000000000000
119, GPU1.SA_05.CU_03, cu_CPI, +Inf
120, GPU1.SA_05.CU_03, simd_inst_count, 0.000000000000
121, GPU1.SA_05.CU_03, simd_CPI, +Inf
122, GPU1.SA_05.CU_03, v_mul_count, 0.000000000000
123, GPU1.SA_06.CU_00, cu_inst_count, 0.000000000000
124, GPU1.SA_06.CU_00, cu_CPI, +Inf
125, GPU1.SA_06.CU_00, simd_inst_count, 0.000000000000
126, GPU1.SA_06.CU_00, simd_CPI, +Inf
127, GPU1.SA_06.CU_00, v_mul_count, 0.000000000000
128, GPU1.SA_06.CU_01, cu_inst_count, 0.000000000000
129, GPU1.SA_06.CU_01, cu_CPI, +Inf
130, GPU1.SA_06.CU_01, simd_inst_count, 0.000000000000
131, GPU1.SA_06.CU_01, simd_CPI, +Inf
132, GPU1.SA_06.CU_01, v_mul_count, 0.000000000000
133, GPU1.SA_06.CU_02, cu_inst_count, 0.000000000000
134, GPU1.SA_06.CU_02, cu_CPI, +Inf
135, GPU1.SA_06.CU_02, simd_inst_count, 0.000000000000
136, GPU1.SA_06.CU_02, simd_CPI, +Inf
137, GPU1.SA_06.CU_02, v_mul_count, 0.000000000000
138, GPU1.SA_06.CU_03, cu_inst_count, 0.000000000000
139, GPU1.SA_06.CU_03, cu_CPI, +Inf
140, GPU1.SA_06.CU_03, simd_inst_count, 0.000000000000
141, GPU1.SA_06.CU_03, simd_CPI, +Inf
142, GPU1.SA_06.CU_03, v_mul_count, 0.000000000000
143, GPU1.SA_07.CU_00, cu_inst_count, 0.000000000000
144, GPU1.SA_07.CU_00, cu_CPI, +Inf
145, GPU1.SA_07.CU_00, simd_inst_count, 0.000000000000
146, GPU1.SA_07.CU_00, simd_CPI, +Inf
147, GPU1.SA_07.CU_00, v_mul_count, 0.000000000000
148, GPU1.SA_07.CU_01, cu_inst_count, 0.000000000000
149, GPU1.SA_07.CU_01, cu_CPI, +Inf
150, GPU1.SA_07.CU_01, simd_inst_count, 0.000000000000
151, GPU1.SA_07.CU_01, simd_CPI, +Inf
152, GPU1.SA_07.CU_01, v_mul_count, 0.000000000000
153, GPU1.SA_07.CU_02, cu_inst_count, 0.000000000000
154, GPU1.SA_07.CU_02, cu_CPI, +Inf
155, GPU1.SA_07.CU_02, simd_inst_count, 0.000000000000
156, GPU1.SA_07.CU_02, simd_CPI, +Inf
157, GPU1.SA_07.CU_02, v_mul_count, 0.000000000000
158, GPU1.SA_07.CU_03, cu_inst_count, 0.000000000000
159, GPU1.SA_07.CU_03, cu_CPI, +Inf
160, GPU1.SA_07.CU_03, simd_inst_count, 0.000000000000
161, GPU1.SA_07.CU_03, simd_CPI, +Inf
162, GPU1.SA_07.CU_03, v_mul_count, 0.000000000000
163, GPU1.SA_08.CU_00, cu_inst_count, 0.000000000000
164, GPU1.SA_08.CU_00, cu_CPI, +Inf
165, GPU1.SA_08.CU_00, simd_inst_count, 0.000000000000
166, GPU1.SA_08.CU_00, simd_CPI, +Inf
167, GPU1.SA_08.CU_00, v_mul_count, 0.000000000000
168, GPU1.SA_08.CU_01, cu_inst_count, 0.000000000000
169, GPU1.SA_08.CU_01, cu_CPI, +Inf
170, GPU1.SA_08.CU_01, simd_inst_count, 0.000000000000
171, GPU1.SA_08.CU_01, simd_CPI, +Inf
172, GPU1.SA_08.CU_01, v_mul_count, 0.000000000000
173, GPU1.SA_08.CU_02, cu_inst_count, 0.000000000000
174, GPU1.SA_08.CU_02, cu_CPI, +Inf
175, GPU1.SA_08.CU_02, simd_inst_count, 0.000000000000
176, GPU1.SA_08.CU_02, simd_CPI, +Inf
177, GPU1.SA_08.CU_02, v_mul_count, 0.000000000000
178, GPU1.SA_08.CU_03, cu_inst_count, 0.000000000000
179, GPU1.SA_08.CU_03, cu_CPI, +Inf
180, GPU1.SA_08.CU_03, simd_inst_count, 0.000000000000
181, GPU1.SA_08.CU_03, simd_CPI, +Inf
182, GPU1.SA_08.CU_03, v_mul_count, 0.000000000000
183, GPU1.SA_09.CU_00, cu_inst_count, 0.000000000000
184, GPU1.SA_09.CU_00, cu_CPI, +Inf
185, GPU1.SA_09.CU_00, simd_inst_count, 0.000000000000
186, GPU1.SA_09.CU_00, simd_CPI, +Inf
187, GPU1.SA_09.CU_00, v_mul_count, 0.000000000000
188, GPU1.SA_09.CU_01, cu_inst_count, 0.000000000000
189, GPU1.SA_09.CU_01, cu_CPI, +Inf
190, GPU1.SA_09.CU_01, simd_inst_count, 0.000000000000
191, GPU1.SA_09.CU_01, simd_CPI, +Inf
192, GPU1.SA_09.CU_01, v_mul_count, 0.000000000000
193, GPU1.SA_09.CU_02, cu_inst_count, 0.000000000000
194, GPU1.SA_09.CU_02, cu_CPI, +Inf
195, GPU1.SA_09.CU_02, simd_inst_count, 0.000000000000
196, GPU1.SA_09.CU_02, simd_CPI, +Inf
197, GPU1.SA_09.CU_02, v_mul_count, 0.000000000000
198, GPU1.SA_09.CU_03, cu_inst_count, 0.000000000000
199, GPU1.SA_09.CU_03, cu_CPI, +Inf
200, GPU1.SA_09.CU_03, simd_inst_count, 0.000000000000
201, GPU1.SA_09.CU_03, simd_CPI, +Inf
202, GPU1.SA_09.CU_03, v_mul_count, 0.000000000000
203, GPU1.SA_10.CU_00, cu_inst_count, 0.000000000000
204, GPU1.SA_10.CU_00, cu_CPI, +Inf
205, GPU1.SA_10.CU_00, simd_inst_count, 0.000000000000
206, GPU1.SA_10.CU_00, simd_CPI, +Inf
207, GPU1.SA_10.CU_00, v_mul_count, 0.000000000000
208, GPU1.SA_10.CU_01, cu_inst_count, 0.000000000000
209, GPU1.SA_10.CU_01, cu_CPI, +Inf
210, GPU1.SA_10.CU_01, simd_inst_count, 0.000000000000
211, GPU1.SA_10.CU_01, simd_CPI, +Inf
212, GPU1.SA_10.CU_01, v_mul_count, 0.000000000000
213, GPU1.SA_10.CU_02, cu_inst_count, 0.000000000000
214, GPU1.SA_10.CU_02, cu_CPI, +Inf
215, GPU1.SA_10.CU_02, simd_inst_count, 0.000000000000
216, GPU1.SA_10.CU_02, simd_CPI, +Inf
217, GPU1.SA_10.CU_02, v_mul_count, 0.000000000000
218, GPU1.SA_10.CU_03, cu_inst_count, 0.000000000000
219, GPU1.SA_10.CU_03, cu_CPI, +Inf
220, GPU1.SA_10.CU_03, simd_inst_count, 0.000000000000
221, GPU1.SA_10.CU_03, simd_CPI, +Inf
222, GPU1.SA_10.CU_03, v_mul_count, 0.000000000000
223, GPU1.SA_11.CU_00, cu_inst_count, 0.000000000000
224, GPU1.SA_11.CU_00, cu_CPI, +Inf
225, GPU1.SA_11.CU_00, simd_inst_count, 0.000000000000
226, GPU1.SA_11.CU_00, simd_CPI, +Inf
227, GPU1.SA_11.CU_00, v_mul_count, 0.000000000000
228, GPU1.SA_11.CU_01, cu_inst_count, 0.000000000000
229, GPU1.SA_11.CU_01, cu_CPI, +Inf
230, GPU1.SA_11.CU_01, simd_inst_count, 0.000000000000
231, GPU1.SA_11.CU_01, simd_CPI, +Inf
232, GPU1.SA_11.CU_01, v_mul_count, 0.000000000000
233, GPU1.SA_11.CU_02, cu_inst_count, 0.000000000000
234, GPU1.SA_11.CU_02, cu_CPI, +Inf
235, GPU1.SA_11.CU_02, simd_inst_count, 0.000000000000
236, GPU1.SA_11.CU_02, simd_CPI, +Inf
237, GPU1.SA_11.CU_02, v_mul_count, 0.000000000000
238, GPU1.SA_11.CU_03, cu_inst_count, 0.000000000000
239, GPU1.SA_11.CU_03, cu_CPI, +Inf
240, GPU1.SA_11.CU_03, simd_inst_count, 0.000000000000
241, GPU1.SA_11.CU_03, simd_CPI, +Inf
242, GPU1.SA_11.CU_03, v_mul_count, 0.000000000000
243, GPU1.SA_12.CU_00, cu_inst_count, 0.000000000000
244, GPU1.SA_12.CU_00, cu_CPI, +Inf
245, GPU1.SA_12.CU_00, simd_inst_count, 0.000000000000
246, GPU1.SA_12.CU_00, simd_CPI, +Inf
247, GPU1.SA_12.CU_00, v_mul_count, 0.000000000000
248, GPU1.SA_12.CU_01, cu_inst_count, 0.000000000000
249, GPU1.SA_12.CU_01, cu_CPI, +Inf
250, GPU1.SA_12.CU_01, simd_inst_count, 0.000000000000
251, GPU1.SA_12.CU_01, simd_CPI, +Inf
252, GPU1.SA_12.CU_01, v_mul_count, 0.000000000000
253, GPU1.SA_12.CU_02, cu_inst_count, 0.000000000000
254, GPU1.SA_12.CU_02, cu_CPI, +Inf
255, GPU1.SA_12.CU_02, simd_inst_count, 0.000000000000
256, GPU1.SA_12.CU_02, simd_CPI, +Inf
257, GPU1.SA_12.CU_02, v_mul_count, 0.000000000000
258, GPU1.SA_12.CU_03, cu_inst_count, 0.000000000000
259, GPU1.SA_12.CU_03, cu_CPI, +Inf
260, GPU1.SA_12.CU_03, simd_inst_count, 0.000000000000
261, GPU1.SA_12.CU_03, simd_CPI, +Inf
262, GPU1.SA_12.CU_03, v_mul_count, 0.000000000000
263, GPU1.SA_13.CU_00, cu_inst_count, 0.000000000000
264, GPU1.SA_13.CU_00, cu_CPI, +Inf
265, GPU1.SA_13.CU_00, simd_inst_count, 0.000000000000
266, GPU1.SA_13.CU_00, simd_CPI, +Inf
267, GPU1.SA_13.CU_00, v_mul_count, 0.000000000000
268, GPU1.SA_13.CU_01, cu_inst_count, 0.000000000000
269, GPU1.SA_13.CU_01, cu_CPI, +Inf
270, GPU1.SA_13.CU_01, simd_inst_count, 0.000000000000
271, GPU1.SA_13.CU_01, simd_CPI, +Inf
272, GPU1.SA_13.CU_01, v_mul_count, 0.000000000000
273, GPU1.SA_13.CU_02, cu_inst_count, 0.000000000000
274, GPU1.SA_13.CU_02, cu_CPI, +Inf
275, GPU1.SA_13.CU_02, simd_inst_count, 0.000000000000
276, GPU1.SA_13.CU_02, simd_CPI, +Inf
277, GPU1.SA_13.CU_02, v_mul_count, 0.000000000000
278, GPU1.SA_13.CU_03, cu_inst_count, 0.000000000000
279, GPU1.SA_13.CU_03, cu_CPI, +Inf
280, GPU1.SA_13.CU_03, simd_inst_count, 0.000000000000
281, GPU1.SA_13.CU_03, simd_CPI, +Inf
282, GPU1.SA_13.CU_03, v_mul_count, 0.000000000000
283, GPU1.SA_14.CU_00, cu_inst_count, 0.000000000000
284, GPU1.SA_14.CU_00, cu_CPI, +Inf
285, GPU1.SA_14.CU_00, simd_inst_count, 0.000000000000
286, GPU1.SA_14.CU_00, simd_CPI, +Inf
287, GPU1.SA_14.CU_00, v_mul_count, 0.000000000000
288, GPU1.SA_14.CU_01, cu_inst_count, 0.000000000000
289, GPU1.SA_14.CU_01, cu_CPI, +Inf
290, GPU1.SA_14.CU_01, simd_inst_count, 0.000000000000
291, GPU1.SA_14.CU_01, simd_CPI, +Inf
292, GPU1.SA_14.CU_01, v_mul_count, 0.000000000000
293, GPU1.SA_14.CU_02, cu_inst_count, 0.000000000000
294, GPU1.SA_14.CU_02, cu_CPI, +Inf
295, GPU1.SA_14.CU_02, simd_inst_count, 0.000000000000
296, GPU1.SA_14.CU_02, simd_CPI, +Inf
297, GPU1.SA_14.CU_02, v_mul_count, 0.000000000000
298, GPU1.SA_14.CU_03, cu_inst_count, 0.000000000000
299, GPU1.SA_14.CU_03, cu_CPI, +Inf
300, GPU1.SA_14.CU_03, simd_inst_count, 0.000000000000
301, GPU1.SA_14.CU_03, simd_CPI, +Inf
302, GPU1.SA_14.CU_03, v_mul_count, 0.000000000000
303, GPU1.SA_15.CU_00, cu_inst_count, 0.000000000000
304, GPU1.SA_15.CU_00, cu_CPI, +Inf
305, GPU1.SA_15.CU_00, simd_inst_count, 0.000000000000
306, GPU1.SA_15.CU_00, simd_CPI, +Inf
307, GPU1.SA_15.CU_00, v_mul_count, 0.000000000000
308, GPU1.SA_15.CU_01, cu_inst_count, 0.000000000000
309, GPU1.SA_15.CU_01, cu_CPI, +Inf
310, GPU1.SA_15.CU_01, simd_inst_count, 0.000000000000
311, GPU1.SA_15.CU_01, simd_CPI, +Inf
312, GPU1.SA_15.CU_01, v_mul_count, 0.000000000000
313, GPU1.SA_15.CU_02, cu_inst_count, 0.000000000000
314, GPU1.SA_15.CU_02, cu_CPI, +Inf
315, GPU1.SA_15.CU_02, simd_inst_count, 0.000000000000
316, GPU1.SA_15.CU_02, simd_CPI, +Inf
317, GPU1.SA_15.CU_02, v_mul_count, 0.000000000000
318, GPU1.SA_15.CU_03, cu_inst_count, 0.000000000000
319, GPU1.SA_15.CU_03, cu_CPI, +Inf
320, GPU1.SA_15.CU_03, simd_inst_count, 0.000000000000
321, GPU1.SA_15.CU_03, simd_CPI, +Inf
322, GPU1.SA_15.CU_03, v_mul_count, 0.000000000000
323, GPU1.SA_00.CU_00, cu_rb_read_scalar, 457.000000000000
324, GPU1.SA_00.CU_00, cu_rb_write_scalar, 7.000000000000
325, GPU1.SA_00.CU_00, cu_rb_read_vectorial, 1728.000000000000
326, GPU1.SA_00.CU_00, cu_rb_write_vectorial, 960.000000000000
327, GPU1.SA_00.CU_01, cu_rb_read_scalar, 0.000000000000
328, GPU1.SA_00.CU_01, cu_rb_write_scalar, 0.000000000000
329, GPU1.SA_00.CU_01, cu_rb_read_vectorial, 0.000000000000
330, GPU1.SA_00.CU_01, cu_rb_write_vectorial, 0.000000000000
331, GPU1.SA_00.CU_02, cu_rb_read_scalar, 0.000000000000
332, GPU1.SA_00.CU_02, cu_rb_write_scalar, 0.000000000000
333, GPU1.SA_00.CU_02, cu_rb_read_vectorial, 0.000000000000
334, GPU1.SA_00.CU_02, cu_rb_write_vectorial, 0.000000000000
335, GPU1.SA_00.CU_03, cu_rb_read_scalar, 0.000000000000
336, GPU1.SA_00.CU_03, cu_rb_write_scalar, 0.000000000000
337, GPU1.SA_00.CU_03, cu_rb_read_vectorial, 0.000000000000
338, GPU1.SA_00.CU_03, cu_rb_write_vectorial, 0.000000000000
339, GPU1.SA_01.CU_00, cu_rb_read_scalar, 0.000000000000
340, GPU1.SA_01.CU_00, cu_rb_write_scalar, 0.000000000000
341, GPU1.SA_01.CU_00, cu_rb_read_vectorial, 0.000000000000
342, GPU1.SA_01.CU_00, cu_rb_write_vectorial, 0.000000000000
343, GPU1.SA_01.CU_01, cu_rb_read_scalar, 0.000000000000
344, GPU1.SA_01.CU_01, cu_rb_write_scalar, 0.000000000000
345, GPU1.SA_01.CU_01, cu_rb_read_vectorial, 0.000000000000
346, GPU1.SA_01.CU_01, cu_rb_write_vectorial, 0.000000000000
347, GPU1.SA_01.CU_02, cu_rb_read_scalar, 0.000000000000
348, GPU1.SA_01.CU_02, cu_rb_write_scalar, 0.000000000000
349, GPU1.SA_01.CU_02, cu_rb_read_vectorial, 0.000000000000
350, GPU1.SA_01.CU_02, cu_rb_write_vectorial, 0.000000000000
351, GPU1.SA_01.CU_03, cu_rb_read_scalar, 0.000000000000
352, GPU1.SA_01.CU_03, cu_rb_write_scalar, 0.000000000000
353, GPU1.SA_01.CU_03, cu_rb_read_vectorial, 0.000000000000
354, GPU1.SA_01.CU_03, cu_rb_write_vectorial, 0.000000000000
355, GPU1.SA_02.CU_00, cu_rb_read_scalar, 0.000000000000
356, GPU1.SA_02.CU_00, cu_rb_write_scalar, 0.000000000000
357, GPU1.SA_02.CU_00, cu_rb_read_vectorial, 0.000000000000
358, GPU1.SA_02.CU_00, cu_rb_write_vectorial, 0.000000000000
359, GPU1.SA_02.CU_01, cu_rb_read_scalar, 0.000000000000
360, GPU1.SA_02.CU_01, cu_rb_write_scalar, 0.000000000000
361, GPU1.SA_02.CU_01, cu_rb_read_vectorial, 0.000000000000
362, GPU1.SA_02.CU_01, cu_rb_write_vectorial, 0.000000000000
363, GPU1.SA_02.CU_02, cu_rb_read_scalar, 0.000000000000
364, GPU1.SA_02.CU_02, cu_rb_write_scalar, 0.000000000000
365, GPU1.SA_02.CU_02, cu_rb_read_vectorial, 0.000000000000
366, GPU1.SA_02.CU_02, cu_rb_write_vectorial, 0.000000000000
367, GPU1.SA_02.CU_03, cu_rb_read_scalar, 0.000000000000
368, GPU1.SA_02.CU_03, cu_rb_write_scalar, 0.000000000000
369, GPU1.SA_02.CU_03, cu_rb_read_vectorial, 0.000000000000
370, GPU1.SA_02.CU_03, cu_rb_write_vectorial, 0.000000000000
371, GPU1.SA_03.CU_00, cu_rb_read_scalar, 0.000000000000
372, GPU1.SA_03.CU_00, cu_rb_write_scalar, 0.000000000000
373, GPU1.SA_03.CU_00, cu_rb_read_vectorial, 0.000000000000
374, GPU1.SA_03.CU_00, cu_rb_write_vectorial, 0.000000000000
375, GPU1.SA_03.CU_01, cu_rb_read_scalar, 0.000000000000
376, GPU1.SA_03.CU_01, cu_rb_write_scalar, 0.000000000000
377, GPU1.SA_03.CU_01, cu_rb_read_vectorial, 0.000000000000
378, GPU1.SA_03.CU_01, cu_rb_write_vectorial, 0.000000000000
379, GPU1.SA_03.CU_02, cu_rb_read_scalar, 0.000000000000
380, GPU1.SA_03.CU_02, cu_rb_write_scalar, 0.000000000000
381, GPU1.SA_03.CU_02, cu_rb_read_vectorial, 0.000000000000
382, GPU1.SA_03.CU_02, cu_rb_write_vectorial, 0.000000000000
383, GPU1.SA_03.CU_03, cu_rb_read_scalar, 0.000000000000
384, GPU1.SA_03.CU_03, cu_rb_write_scalar, 0.000000000000
385, GPU1.SA_03.CU_03, cu_rb_read_vectorial, 0.000000000000
386, GPU1.SA_03.CU_03, cu_rb_write_vectorial, 0.000000000000
387, GPU1.SA_04.CU_00, cu_rb_read_scalar, 0.000000000000
388, GPU1.SA_04.CU_00, cu_rb_write_scalar, 0.000000000000
389, GPU1.SA_04.CU_00, cu_rb_read_vectorial, 0.000000000000
390, GPU1.SA_04.CU_00, cu_rb_write_vectorial, 0.000000000000
391, GPU1.SA_04.CU_01, cu_rb_read_scalar, 0.000000000000
392, GPU1.SA_04.CU_01, cu_rb_write_scalar, 0.000000000000
393, GPU1.SA_04.CU_01, cu_rb_read_vectorial, 0.000000000000
394, GPU1.SA_04.CU_01, cu_rb_write_vectorial, 0.000000000000
395, GPU1.SA_04.CU_02, cu_rb_read_scalar, 0.000000000000
396, GPU1.SA_04.CU_02, cu_rb_write_scalar, 0.000000000000
397, GPU1.SA_04.CU_02, cu_rb_read_vectorial, 0.000000000000
398, GPU1.SA_04.CU_02, cu_rb_write_vectorial, 0.000000000000
399, GPU1.SA_04.CU_03, cu_rb_read_scalar, 0.000000000000
400, GPU1.SA_04.CU_03, cu_rb_write_scalar, 0.000000000000
401, GPU1.SA_04.CU_03, cu_rb_read_vectorial, 0.000000000000
402, GPU1.SA_04.CU_03, cu_rb_write_vectorial, 0.000000000000
403, GPU1.SA_05.CU_00, cu_rb_read_scalar, 0.000000000000
404, GPU1.SA_05.CU_00, cu_rb_write_scalar, 0.000000000000
405, GPU1.SA_05.CU_00, cu_rb_read_vectorial, 0.000000000000
406, GPU1.SA_05.CU_00, cu_rb_write_vectorial, 0.000000000000
407, GPU1.SA_05.CU_01, cu_rb_read_scalar, 0.000000000000
408, GPU1.SA_05.CU_01, cu_rb_write_scalar, 0.000000000000
409, GPU1.SA_05.CU_01, cu_rb_read_vectorial, 0.000000000000
410, GPU1.SA_05.CU_01, cu_rb_write_vectorial, 0.000000000000
411, GPU1.SA_05.CU_02, cu_rb_read_scalar, 0.000000000000
412, GPU1.SA_05.CU_02, cu_rb_write_scalar, 0.000000000000
413, GPU1.SA_05.CU_02, cu_rb_read_vectorial, 0.000000000000
414, GPU1.SA_05.CU_02, cu_rb_write_vectorial, 0.000000000000
415, GPU1.SA_05.CU_03, cu_rb_read_scalar, 0.000000000000
416, GPU1.SA_05.CU_03, cu_rb_write_scalar, 0.000000000000
417, GPU1.SA_05.CU_03, cu_rb_read_vectorial, 0.000000000000
418, GPU1.SA_05.CU_03, cu_rb_write_vectorial, 0.000000000000
419, GPU1.SA_06.CU_00, cu_rb_read_scalar, 0.000000000000
420, GPU1.SA_06.CU_00, cu_rb_write_scalar, 0.000000000000
421, GPU1.SA_06.CU_00, cu_rb_read_vectorial, 0.000000000000
422, GPU1.SA_06.CU_00, cu_rb_write_vectorial, 0.000000000000
423, GPU1.SA_06.CU_01, cu_rb_read_scalar, 0.000000000000
424, GPU1.SA_06.CU_01, cu_rb_write_scalar, 0.000000000000
425, GPU1.SA_06.CU_01, cu_rb_read_vectorial, 0.000000000000
426, GPU1.SA_06.CU_01, cu_rb_write_vectorial, 0.000000000000
427, GPU1.SA_06.CU_02, cu_rb_read_scalar, 0.000000000000
428, GPU1.SA_06.CU_02, cu_rb_write_scalar, 0.000000000000
429, GPU1.SA_06.CU_02, cu_rb_read_vectorial, 0.000000000000
430, GPU1.SA_06.CU_02, cu_rb_write_vectorial, 0.000000000000
431, GPU1.SA_06.CU_03, cu_rb_read_scalar, 0.000000000000
432, GPU1.SA_06.CU_03, cu_rb_write_scalar, 0.000000000000
433, GPU1.SA_06.CU_03, cu_rb_read_vectorial, 0.000000000000
434, GPU1.SA_06.CU_03, cu_rb_write_vectorial, 0.000000000000
435, GPU1.SA_07.CU_00, cu_rb_read_scalar, 0.000000000000
436, GPU1.SA_07.CU_00, cu_rb_write_scalar, 0.000000000000
437, GPU1.SA_07.CU_00, cu_rb_read_vectorial, 0.000000000000
438, GPU1.SA_07.CU_00, cu_rb_write_vectorial, 0.000000000000
439, GPU1.SA_07.CU_01, cu_rb_read_scalar, 0.000000000000
440, GPU1.SA_07.CU_01, cu_rb_write_scalar, 0.000000000000
441, GPU1.SA_07.CU_01, cu_rb_read_vectorial, 0.000000000000
442, GPU1.SA_07.CU_01, cu_rb_write_vectorial, 0.000000000000
443, GPU1.SA_07.CU_02, cu_rb_read_scalar, 0.000000000000
444, GPU1.SA_07.CU_02, cu_rb_write_scalar, 0.000000000000
445, GPU1.SA_07.CU_02, cu_rb_read_vectorial, 0.000000000000
446, GPU1.SA_07.CU_02, cu_rb_write_vectorial, 0.000000000000
447, GPU1.SA_07.CU_03, cu_rb_read_scalar, 0.000000000000
448, GPU1.SA_07.CU_03, cu_rb_write_scalar, 0.000000000000
449, GPU1.SA_07.CU_03, cu_rb_read_vectorial, 0.000000000000
450, GPU1.SA_07.CU_03, cu_rb_write_vectorial, 0.000000000000
451, GPU1.SA_08.CU_00, cu_rb_read_scalar, 0.000000000000
452, GPU1.SA_08.CU_00, cu_rb_write_scalar, 0.000000000000
453, GPU1.SA_08.CU_00, cu_rb_read_vectorial, 0.000000000000
454, GPU1.SA_08.CU_00, cu_rb_write_vectorial, 0.000000000000
455, GPU1.SA_08.CU_01, cu_rb_read_scalar, 0.000000000000
456, GPU1.SA_08.CU_01, cu_rb_write_scalar, 0.000000000000
457, GPU1.SA_08.CU_01, cu_rb_read_vectorial, 0.000000000000
458, GPU1.SA_08.CU_01, cu_rb_write_vectorial, 0.000000000000
459, GPU1.SA_08.CU_02, cu_rb_read_scalar, 0.000000000000
460, GPU1.SA_08.CU_02, cu_rb_write_scalar, 0.000000000000
461, GPU1.SA_08.CU_02, cu_rb_read_vectorial, 0.000000000000
462, GPU1.SA_08.CU_02, cu_rb_write_vectorial, 0.000000000000
463, GPU1.SA_08.CU_03, cu_rb_read_scalar, 0.000000000000
464, GPU1.SA_08.CU_03, cu_rb_write_scalar, 0.000000000000
465, GPU1.SA_08.CU_03, cu_rb_read_vectorial, 0.000000000000
466, GPU1.SA_08.CU_03, cu_rb_write_vectorial, 0.000000000000
467, GPU1.SA_09.CU_00, cu_rb_read_scalar, 0.000000000000
468, GPU1.SA_09.CU_00, cu_rb_write_scalar, 0.000000000000
469, GPU1.SA_09.CU_00, cu_rb_read_vectorial, 0.000000000000
470, GPU1.SA_09.CU_00, cu_rb_write_vectorial, 0.000000000000
471, GPU1.SA_09.CU_01, cu_rb_read_scalar, 0.000000000000
472, GPU1.SA_09.CU_01, cu_rb_write_scalar, 0.000000000000
473, GPU1.SA_09.CU_01, cu_rb_read_vectorial, 0.000000000000
474, GPU1.SA_09.CU_01, cu_rb_write_vectorial, 0.000000000000
475, GPU1.SA_09.CU_02, cu_rb_read_scalar, 0.000000000000
476, GPU1.SA_09.CU_02, cu_rb_write_scalar, 0.000000000000
477, GPU1.SA_09.CU_02, cu_rb_read_vectorial, 0.000000000000
478, GPU1.SA_09.CU_02, cu_rb_write_vectorial, 0.000000000000
479, GPU1.SA_09.CU_03, cu_rb_read_scalar, 0.000000000000
480, GPU1.SA_09.CU_03, cu_rb_write_scalar, 0.000000000000
481, GPU1.SA_09.CU_03, cu_rb_read_vectorial, 0.000000000000
482, GPU1.SA_09.CU_03, cu_rb_write_vectorial, 0.000000000000
483, GPU1.SA_10.CU_00, cu_rb_read_scalar, 0.000000000000
484, GPU1.SA_10.CU_00, cu_rb_write_scalar, 0.000000000000
485, GPU1.SA_10.CU_00, cu_rb_read_vectorial, 0.000000000000
486, GPU1.SA_10.CU_00, cu_rb_write_vectorial, 0.000000000000
487, GPU1.SA_10.CU_01, cu_rb_read_scalar, 0.000000000000
488, GPU1.SA_10.CU_01, cu_rb_write_scalar, 0.000000000000
489, GPU1.SA_10.CU_01, cu_rb_read_vectorial, 0.000000000000
490, GPU1.SA_10.CU_01, cu_rb_write_vectorial, 0.000000000000
491, GPU1.SA_10.CU_02, cu_rb_read_scalar, 0.000000000000
492, GPU1.SA_10.CU_02, cu_rb_write_scalar, 0.000000000000
493, GPU1.SA_10.CU_02, cu_rb_read_vectorial, 0.000000000000
494, GPU1.SA_10.CU_02, cu_rb_write_vectorial, 0.000000000000
495, GPU1.SA_10.CU_03, cu_rb_read_scalar, 0.000000000000
496, GPU1.SA_10.CU_03, cu_rb_write_scalar, 0.000000000000
497, GPU1.SA_10.CU_03, cu_rb_read_vectorial, 0.000000000000
498, GPU1.SA_10.CU_03, cu_rb_write_vectorial, 0.000000000000
499, GPU1.SA_11.CU_00, cu_rb_read_scalar, 0.000000000000
500, GPU1.SA_11.CU_00, cu_rb_write_scalar, 0.000000000000
501, GPU1.SA_11.CU_00, cu_rb_read_vectorial, 0.000000000000
502, GPU1.SA_11.CU_00, cu_rb_write_vectorial, 0.000000000000
503, GPU1.SA_11.CU_01, cu_rb_read_scalar, 0.000000000000
504, GPU1.SA_11.CU_01, cu_rb_write_scalar, 0.000000000000
505, GPU1.SA_11.CU_01, cu_rb_read_vectorial, 0.000000000000
506, GPU1.SA_11.CU_01, cu_rb_write_vectorial, 0.000000000000
507, GPU1.SA_11.CU_02, cu_rb_read_scalar, 0.000000000000
508, GPU1.SA_11.CU_02, cu_rb_write_scalar, 0.000000000000
509, GPU1.SA_11.CU_02, cu_rb_read_vectorial, 0.000000000000
510, GPU1.SA_11.CU_02, cu_rb_write_vectorial, 0.000000000000
511, GPU1.SA_11.CU_03, cu_rb_read_scalar, 0.000000000000
512, GPU1.SA_11.CU_03, cu_rb_write_scalar, 0.000000000000
513, GPU1.SA_11.CU_03, cu_rb_read_vectorial, 0.000000000000
514, GPU1.SA_11.CU_03, cu_rb_write_vectorial, 0.000000000000
515, GPU1.SA_12.CU_00, cu_rb_read_scalar, 0.000000000000
516, GPU1.SA_12.CU_00, cu_rb_write_scalar, 0.000000000000
517, GPU1.SA_12.CU_00, cu_rb_read_vectorial, 0.000000000000
518, GPU1.SA_12.CU_00, cu_rb_write_vectorial, 0.000000000000
519, GPU1.SA_12.CU_01, cu_rb_read_scalar, 0.000000000000
520, GPU1.SA_12.CU_01, cu_rb_write_scalar, 0.000000000000
521, GPU1.SA_12.CU_01, cu_rb_read_vectorial, 0.000000000000
522, GPU1.SA_12.CU_01, cu_rb_write_vectorial, 0.000000000000
523, GPU1.SA_12.CU_02, cu_rb_read_scalar, 0.000000000000
524, GPU1.SA_12.CU_02, cu_rb_write_scalar, 0.000000000000
525, GPU1.SA_12.CU_02, cu_rb_read_vectorial, 0.000000000000
526, GPU1.SA_12.CU_02, cu_rb_write_vectorial, 0.000000000000
527, GPU1.SA_12.CU_03, cu_rb_read_scalar, 0.000000000000
528, GPU1.SA_12.CU_03, cu_rb_write_scalar, 0.000000000000
529, GPU1.SA_12.CU_03, cu_rb_read_vectorial, 0.000000000000
530, GPU1.SA_12.CU_03, cu_rb_write_vectorial, 0.000000000000
531, GPU1.SA_13.CU_00, cu_rb_read_scalar, 0.000000000000
532, GPU1.SA_13.CU_00, cu_rb_write_scalar, 0.000000000000
533, GPU1.SA_13.CU_00, cu_rb_read_vectorial, 0.000000000000
534, GPU1.SA_13.CU_00, cu_rb_write_vectorial, 0.000000000000
535, GPU1.SA_13.CU_01, cu_rb_read_scalar, 0.000000000000
536, GPU1.SA_13.CU_01, cu_rb_write_scalar, 0.000000000000
537, GPU1.SA_13.CU_01, cu_rb_read_vectorial, 0.000000000000
538, GPU1.SA_13.CU_01, cu_rb_write_vectorial, 0.000000000000
539, GPU1.SA_13.CU_02, cu_rb_read_scalar, 0.000000000000
540, GPU1.SA_13.CU_02, cu_rb_write_scalar, 0.000000000000
541, GPU1.SA_13.CU_02, cu_rb_read_vectorial, 0.000000000000
542, GPU1.SA_13.CU_02, cu_rb_write_vectorial, 0.000000000000
543, GPU1.SA_13.CU_03, cu_rb_read_scalar, 0.000000000000
544, GPU1.SA_13.CU_03, cu_rb_write_scalar, 0.000000000000
545, GPU1.SA_13.CU_03, cu_rb_read_vectorial, 0.000000000000
546, GPU1.SA_13.CU_03, cu_rb_write_vectorial, 0.000000000000
547, GPU1.SA_14.CU_00, cu_rb_read_scalar, 0.000000000000
548, GPU1.SA_14.CU_00, cu_rb_write_scalar, 0.000000000000
549, GPU1.SA_14.CU_00, cu_rb_read_vectorial, 0.000000000000
550, GPU1.SA_14.CU_00, cu_rb_write_vectorial, 0.000000000000
551, GPU1.SA_14.CU_01, cu_rb_read_scalar, 0.000000000000
552, GPU1.SA_14.CU_01, cu_rb_write_scalar, 0.000000000000
553, GPU1.SA_14.CU_01, cu_rb_read_vectorial, 0.000000000000
554, GPU1.SA_14.CU_01, cu_rb_write_vectorial, 0.000000000000
555, GPU1.SA_14.CU_02, cu_rb_read_scalar, 0.000000000000
556, GPU1.SA_14.CU_02, cu_rb_write_scalar, 0.000000000000
557, GPU1.SA_14.CU_02, cu_rb_read_vectorial, 0.000000000000
558, GPU1.SA_14.CU_02, cu_rb_write_vectorial, 0.000000000000
559, GPU1.SA_14.CU_03, cu_rb_read_scalar, 0.000000000000
560, GPU1.SA_14.CU_03, cu_rb_write_scalar, 0.000000000000
561, GPU1.SA_14.CU_03, cu_rb_read_vectorial, 0.000000000000
562, GPU1.SA_14.CU_03, cu_rb_write_vectorial, 0.000000000000
563, GPU1.SA_15.CU_00, cu_rb_read_scalar, 0.000000000000
564, GPU1.SA_15.CU_00, cu_rb_write_scalar, 0.000000000000
565, GPU1.SA_15.CU_00, cu_rb_read_vectorial, 0.000000000000
566, GPU1.SA_15.CU_00, cu_rb_write_vectorial, 0.000000000000
567, GPU1.SA_15.CU_01, cu_rb_read_scalar, 0.000000000000
568, GPU1.SA_15.CU_01, cu_rb_write_scalar, 0.000000000000
569, GPU1.SA_15.CU_01, cu_rb_read_vectorial, 0.000000000000
570, GPU1.SA_15.CU_01, cu_rb_write_vectorial, 0.000000000000
571, GPU1.SA_15.CU_02, cu_rb_read_scalar, 0.000000000000
572, GPU1.SA_15.CU_02, cu_rb_write_scalar, 0.000000000000
573, GPU1.SA_15.CU_02, cu_rb_read_vectorial, 0.000000000000
574, GPU1.SA_15.CU_02, cu_rb_write_vectorial, 0.000000000000
575, GPU1.SA_15.CU_03, cu_rb_read_scalar, 0.000000000000
576, GPU1.SA_15.CU_03, cu_rb_write_scalar, 0.000000000000
577, GPU1.SA_15.CU_03, cu_rb_read_vectorial, 0.000000000000
578, GPU1.SA_15.CU_03, cu_rb_write_vectorial, 0.000000000000
579, GPU1.SA_00.CU_00.SIMD0, busy_time, 0.000000052000
580, GPU1.SA_00.CU_00.SIMD1, busy_time, 0.000000000000
581, GPU1.SA_00.CU_00.SIMD2, busy_time, 0.000000000000
582, GPU1.SA_00.CU_00.SIMD3, busy_time, 0.000000000000
583, GPU1.SA_00.CU_01.SIMD0, busy_time, 0.000000000000
584, GPU1.SA_00.CU_01.SIMD1, busy_time, 0.000000000000
585, GPU1.SA_00.CU_01.SIMD2, busy_time, 0.000000000000
586, GPU1.SA_00.CU_01.SIMD3, busy_time, 0.000000000000
587, GPU1.SA_00.CU_02.SIMD0, busy_time, 0.000000000000
588, GPU1.SA_00.CU_02.SIMD1, busy_time, 0.000000000000
589, GPU1.SA_00.CU_02.SIMD2, busy_time, 0.000000000000
590, GPU1.SA_00.CU_02.SIMD3, busy_time, 0.000000000000
591, GPU1.SA_00.CU_03.SIMD0, busy_time, 0.000000000000
592, GPU1.SA_00.CU_03.SIMD1, busy_time, 0.000000000000
593, GPU1.SA_00.CU_03.SIMD2, busy_time, 0.000000000000
594, GPU1.SA_00.CU_03.SIMD3, busy_time, 0.000000000000
595, GPU1.SA_01.CU_00.SIMD0, busy_time, 0.000000000000
596, GPU1.SA_01.CU_00.SIMD1, busy_time, 0.000000000000
597, GPU1.SA_01.CU_00.SIMD2, busy_time, 0.000000000000
598, GPU1.SA_01.CU_00.SIMD3, busy_time, 0.000000000000
599, GPU1.SA_01.CU_01.SIMD0, busy_time, 0.000000000000
600, GPU1.SA_01.CU_01.SIMD1, busy_time, 0.000000000000
601, GPU1.SA_01.CU_01.SIMD2, busy_time, 0.000000000000
602, GPU1.SA_01.CU_01.SIMD3, busy_time, 0.000000000000
603, GPU1.SA_01.CU_02.SIMD0, busy_time, 0.000000000000
604, GPU1.SA_01.CU_02.SIMD1, busy_time, 0.000000000000
605, GPU1.SA_01.CU_02.SIMD2, busy_time, 0.000000000000
606, GPU1.SA_01.CU_02.SIMD3, busy_time, 0.000000000000
607, GPU1.SA_01.CU_03.SIMD0, busy_time, 0.000000000000
608, GPU1.SA_01.CU_03.SIMD1, busy_time, 0.000000000000
609, GPU1.SA_01.CU_03.SIMD2, busy_time, 0.000000000000
610, GPU1.SA_01.CU_03.SIMD3, busy_time, 0.000000000000
611, GPU1.SA_02.CU_00.SIMD0, busy_time, 0.000000000000
612, GPU1.SA_02.CU_00.SIMD1, busy_time, 0.000000000000
613, GPU1.SA_02.CU_00.SIMD2, busy_time, 0.000000000000
614, GPU1.SA_02.CU_00.SIMD3, busy_time, 0.000000000000
615, GPU1.SA_02.CU_01.SIMD0, busy_time, 0.000000000000
616, GPU1.SA_02.CU_01.SIMD1, busy_time, 0.000000000000
617, GPU1.SA_02.CU_01.SIMD2, busy_time, 0.000000000000
618, GPU1.SA_02.CU_01.SIMD3, busy_time, 0.000000000000
619, GPU1.SA_02.CU_02.SIMD0, busy_time, 0.000000000000
620, GPU1.SA_02.CU_02.SIMD1, busy_time, 0.000000000000
621, GPU1.SA_02.CU_02.SIMD2, busy_time, 0.000000000000
622, GPU1.SA_02.CU_02.SIMD3, busy_time, 0.000000000000
623, GPU1.SA_02.CU_03.SIMD0, busy_time, 0.000000000000
624, GPU1.SA_02.CU_03.SIMD1, busy_time, 0.000000000000
625, GPU1.SA_02.CU_03.SIMD2, busy_time, 0.000000000000
626, GPU1.SA_02.CU_03.SIMD3, busy_time, 0.000000000000
627, GPU1.SA_03.CU_00.SIMD0, busy_time, 0.000000000000
628, GPU1.SA_03.CU_00.SIMD1, busy_time, 0.000000000000
629, GPU1.SA_03.CU_00.SIMD2, busy_time, 0.000000000000
630, GPU1.SA_03.CU_00.SIMD3, busy_time, 0.000000000000
631, GPU1.SA_03.CU_01.SIMD0, busy_time, 0.000000000000
632, GPU1.SA_03.CU_01.SIMD1, busy_time, 0.000000000000
633, GPU1.SA_03.CU_01.SIMD2, busy_time, 0.000000000000
634, GPU1.SA_03.CU_01.SIMD3, busy_time, 0.000000000000
635, GPU1.SA_03.CU_02.SIMD0, busy_time, 0.000000000000
636, GPU1.SA_03.CU_02.SIMD1, busy_time, 0.000000000000
637, GPU1.SA_03.CU_02.SIMD2, busy_time, 0.000000000000
638, GPU1.SA_03.CU_02.SIMD3, busy_time, 0.000000000000
639, GPU1.SA_03.CU_03.SIMD0, busy_time, 0.000000000000
640, GPU1.SA_03.CU_03.SIMD1, busy_time, 0.000000000000
641, GPU1.SA_03.CU_03.SIMD2, busy_time, 0.000000000000
642, GPU1.SA_03.CU_03.SIMD3, busy_time, 0.000000000000
643, GPU1.SA_04.CU_00.SIMD0, busy_time, 0.000000000000
644, GPU1.SA_04.CU_00.SIMD1, busy_time, 0.000000000000
645, GPU1.SA_04.CU_00.SIMD2, busy_time, 0.000000000000
646, GPU1.SA_04.CU_00.SIMD3, busy_time, 0.000000000000
647, GPU1.SA_04.CU_01.SIMD0, busy_time, 0.000000000000
648, GPU1.SA_04.CU_01.SIMD1, busy_time, 0.000000000000
649, GPU1.SA_04.CU_01.SIMD2, busy_time, 0.000000000000
650, GPU1.SA_04.CU_01.SIMD3, busy_time, 0.000000000000
651, GPU1.SA_04.CU_02.SIMD0, busy_time, 0.000000000000
652, GPU1.SA_04.CU_02.SIMD1, busy_time, 0.000000000000
653, GPU1.SA_04.CU_02.SIMD2, busy_time, 0.000000000000
654, GPU1.SA_04.CU_02.SIMD3, busy_time, 0.000000000000
655, GPU1.SA_04.CU_03.SIMD0, busy_time, 0.000000000000
656, GPU1.SA_04.CU_03.SIMD1, busy_time, 0.000000000000
657, GPU1.SA_04.CU_03.SIMD2, busy_time, 0.000000000000
658, GPU1.SA_04.CU_03.SIMD3, busy_time, 0.000000000000
659, GPU1.SA_05.CU_00.SIMD0, busy_time, 0.000000000000
660, GPU1.SA_05.CU_00.SIMD1, busy_time, 0.000000000000
661, GPU1.SA_05.CU_00.SIMD2, busy_time, 0.000000000000
662, GPU1.SA_05.CU_00.SIMD3, busy_time, 0.000000000000
663, GPU1.SA_05.CU_01.SIMD0, busy_time, 0.000000000000
664, GPU1.SA_05.CU_01.SIMD1, busy_time, 0.000000000000
665, GPU1.SA_05.CU_01.SIMD2, busy_time, 0.000000000000
666, GPU1.SA_05.CU_01.SIMD3, busy_time, 0.000000000000
667, GPU1.SA_05.CU_02.SIMD0, busy_time, 0.000000000000
668, GPU1.SA_05.CU_02.SIMD1, busy_time, 0.000000000000
669, GPU1.SA_05.CU_02.SIMD2, busy_time, 0.000000000000
670, GPU1.SA_05.CU_02.SIMD3, busy_time, 0.000000000000
671, GPU1.SA_05.CU_03.SIMD0, busy_time, 0.000000000000
672, GPU1.SA_05.CU_03.SIMD1, busy_time, 0.000000000000
673, GPU1.SA_05.CU_03.SIMD2, busy_time, 0.000000000000
674, GPU1.SA_05.CU_03.SIMD3, busy_time, 0.000000000000
675, GPU1.SA_06.CU_00.SIMD0, busy_time, 0.000000000000
676, GPU1.SA_06.CU_00.SIMD1, busy_time, 0.000000000000
677, GPU1.SA_06.CU_00.SIMD2, busy_time, 0.000000000000
678, GPU1.SA_06.CU_00.SIMD3, busy_time, 0.000000000000
679, GPU1.SA_06.CU_01.SIMD0, busy_time, 0.000000000000
680, GPU1.SA_06.CU_01.SIMD1, busy_time, 0.000000000000
681, GPU1.SA_06.CU_01.SIMD2, busy_time, 0.000000000000
682, GPU1.SA_06.CU_01.SIMD3, busy_time, 0.000000000000
683, GPU1.SA_06.CU_02.SIMD0, busy_time, 0.000000000000
684, GPU1.SA_06.CU_02.SIMD1, busy_time, 0.000000000000
685, GPU1.SA_06.CU_02.SIMD2, busy_time, 0.000000000000
686, GPU1.SA_06.CU_02.SIMD3, busy_time, 0.000000000000
687, GPU1.SA_06.CU_03.SIMD0, busy_time, 0.000000000000
688, GPU1.SA_06.CU_03.SIMD1, busy_time, 0.000000000000
689, GPU1.SA_06.CU_03.SIMD2, busy_time, 0.000000000000
690, GPU1.SA_06.CU_03.SIMD3, busy_time, 0.000000000000
691, GPU1.SA_07.CU_00.SIMD0, busy_time, 0.000000000000
692, GPU1.SA_07.CU_00.SIMD1, busy_time, 0.000000000000
693, GPU1.SA_07.CU_00.SIMD2, busy_time, 0.000000000000
694, GPU1.SA_07.CU_00.SIMD3, busy_time, 0.000000000000
695, GPU1.SA_07.CU_01.SIMD0, busy_time, 0.000000000000
696, GPU1.SA_07.CU_01.SIMD1, busy_time, 0.000000000000
697, GPU1.SA_07.CU_01.SIMD2, busy_time, 0.000000000000
698, GPU1.SA_07.CU_01.SIMD3, busy_time, 0.000000000000
699, GPU1.SA_07.CU_02.SIMD0, busy_time, 0.000000000000
700, GPU1.SA_07.CU_02.SIMD1, busy_time, 0.000000000000
701, GPU1.SA_07.CU_02.SIMD2, busy_time, 0.000000000000
702, GPU1.SA_07.CU_02.SIMD3, busy_time, 0.000000000000
703, GPU1.SA_07.CU_03.SIMD0, busy_time, 0.000000000000
704, GPU1.SA_07.CU_03.SIMD1, busy_time, 0.000000000000
705, GPU1.SA_07.CU_03.SIMD2, busy_time, 0.000000000000
706, GPU1.SA_07.CU_03.SIMD3, busy_time, 0.000000000000
707, GPU1.SA_08.CU_00.SIMD0, busy_time, 0.000000000000
708, GPU1.SA_08.CU_00.SIMD1, busy_time, 0.000000000000
709, GPU1.SA_08.CU_00.SIMD2, busy_time, 0.000000000000
710, GPU1.SA_08.CU_00.SIMD3, busy_time, 0.000000000000
711, GPU1.SA_08.CU_01.SIMD0, busy_time, 0.000000000000
712, GPU1.SA_08.CU_01.SIMD1, busy_time, 0.000000000000
713, GPU1.SA_08.CU_01.SIMD2, busy_time, 0.000000000000
714, GPU1.SA_08.CU_01.SIMD3, busy_time, 0.000000000000
715, GPU1.SA_08.CU_02.SIMD0, busy_time, 0.000000000000
716, GPU1.SA_08.CU_02.SIMD1, busy_time, 0.000000000000
717, GPU1.SA_08.CU_02.SIMD2, busy_time, 0.000000000000
718, GPU1.SA_08.CU_02.SIMD3, busy_time, 0.000000000000
719, GPU1.SA_08.CU_03.SIMD0, busy_time, 0.000000000000
720, GPU1.SA_08.CU_03.SIMD1, busy_time, 0.000000000000
721, GPU1.SA_08.CU_03.SIMD2, busy_time, 0.000000000000
722, GPU1.SA_08.CU_03.SIMD3, busy_time, 0.000000000000
723, GPU1.SA_09.CU_00.SIMD0, busy_time, 0.000000000000
724, GPU1.SA_09.CU_00.SIMD1, busy_time, 0.000000000000
725, GPU1.SA_09.CU_00.SIMD2, busy_time, 0.000000000000
726, GPU1.SA_09.CU_00.SIMD3, busy_time, 0.000000000000
727, GPU1.SA_09.CU_01.SIMD0, busy_time, 0.000000000000
728, GPU1.SA_09.CU_01.SIMD1, busy_time, 0.000000000000
729, GPU1.SA_09.CU_01.SIMD2, busy_time, 0.000000000000
730, GPU1.SA_09.CU_01.SIMD3, busy_time, 0.000000000000
731, GPU1.SA_09.CU_02.SIMD0, busy_time, 0.000000000000
732, GPU1.SA_09.CU_02.SIMD1, busy_time, 0.000000000000
733, GPU1.SA_09.CU_02.SIMD2, busy_time, 0.000000000000
734, GPU1.SA_09.CU_02.SIMD3, busy_time, 0.000000000000
735, GPU1.SA_09.CU_03.SIMD0, busy_time, 0.000000000000
736, GPU1.SA_09.CU_03.SIMD1, busy_time, 0.000000000000
737, GPU1.SA_09.CU_03.SIMD2, busy_time, 0.000000000000
738, GPU1.SA_09.CU_03.SIMD3, busy_time, 0.000000000000
739, GPU1.SA_10.CU_00.SIMD0, busy_time, 0.000000000000
740, GPU1.SA_10.CU_00.SIMD1, busy_time, 0.000000000000
741, GPU1.SA_10.CU_00.SIMD2, busy_time, 0.000000000000
742, GPU1.SA_10.CU_00.SIMD3, busy_time, 0.000000000000
743, GPU1.SA_10.CU_01.SIMD0, busy_time, 0.000000000000
744, GPU1.SA_10.CU_01.SIMD1, busy_time, 0.000000000000
745, GPU1.SA_10.CU_01.SIMD2, busy_time, 0.000000000000
746, GPU1.SA_10.CU_01.SIMD3, busy_time, 0.000000000000
747, GPU1.SA_10.CU_02.SIMD0, busy_time, 0.000000000000
748, GPU1.SA_10.CU_02.SIMD1, busy_time, 0.000000000000
749, GPU1.SA_10.CU_02.SIMD2, busy_time, 0.000000000000
750, GPU1.SA_10.CU_02.SIMD3, busy_time, 0.000000000000
751, GPU1.SA_10.CU_03.SIMD0, busy_time, 0.000000000000
752, GPU1.SA_10.CU_03.SIMD1, busy_time, 0.000000000000
753, GPU1.SA_10.CU_03.SIMD2, busy_time, 0.000000000000
754, GPU1.SA_10.CU_03.SIMD3, busy_time, 0.000000000000
755, GPU1.SA_11.CU_00.SIMD0, busy_time, 0.000000000000
756, GPU1.SA_11.CU_00.SIMD1, busy_time, 0.000000000000
757, GPU1.SA_11.CU_00.SIMD2, busy_time, 0.000000000000
758, GPU1.SA_11.CU_00.SIMD3, busy_time, 0.000000000000
759, GPU1.SA_11.CU_01.SIMD0, busy_time, 0.000000000000
760, GPU1.SA_11.CU_01.SIMD1, busy_time, 0.000000000000
761, GPU1.SA_11.CU_01.SIMD2, busy_time, 0.000000000000
762, GPU1.SA_11.CU_01.SIMD3, busy_time, 0.000000000000
763, GPU1.SA_11.CU_02.SIMD0, busy_time, 0.000000000000
764, GPU1.SA_11.CU_02.SIMD1, busy_time, 0.000000000000
765, GPU1.SA_11.CU_02.SIMD2, busy_time, 0.000000000000
766, GPU1.SA_11.CU_02.SIMD3, busy_time, 0.000000000000
767, GPU1.SA_11.CU_03.SIMD0, busy_time, 0.000000000000
768, GPU1.SA_11.CU_03.SIMD1, busy_time, 0.000000000000
769, GPU1.SA_11.CU_03.SIMD2, busy_time, 0.000000000000
770, GPU1.SA_11.CU_03.SIMD3, busy_time, 0.000000000000
771, GPU1.SA_12.CU_00.SIMD0, busy_time, 0.000000000000
772, GPU1.SA_12.CU_00.SIMD1, busy_time, 0.000000000000
773, GPU1.SA_12.CU_00.SIMD2, busy_time, 0.000000000000
774, GPU1.SA_12.CU_00.SIMD3, busy_time, 0.000000000000
775, GPU1.SA_12.CU_01.SIMD0, busy_time, 0.000000000000
776, GPU1.SA_12.CU_01.SIMD1, busy_time, 0.000000000000
777, GPU1.SA_12.CU_01.SIMD2, busy_time, 0.000000000000
778, GPU1.SA_12.CU_01.SIMD3, busy_time, 0.000000000000
779, GPU1.SA_12.CU_02.SIMD0, busy_time, 0.000000000000
780, GPU1.SA_12.CU_02.SIMD1, busy_time, 0.000000000000
781, GPU1.SA_12.CU_02.SIMD2, busy_time, 0.000000000000
782, GPU1.SA_12.CU_02.SIMD3, busy_time, 0.000000000000
783, GPU1.SA_12.CU_03.SIMD0, busy_time, 0.000000000000
784, GPU1.SA_12.CU_03.SIMD1, busy_time, 0.000000000000
785, GPU1.SA_12.CU_03.SIMD2, busy_time, 0.000000000000
786, GPU1.SA_12.CU_03.SIMD3, busy_time, 0.000000000000
787, GPU1.SA_13.CU_00.SIMD0, busy_time, 0.000000000000
788, GPU1.SA_13.CU_00.SIMD1, busy_time, 0.000000000000
789, GPU1.SA_13.CU_00.SIMD2, busy_time, 0.000000000000
790, GPU1.SA_13.CU_00.SIMD3, busy_time, 0.000000000000
791, GPU1.SA_13.CU_01.SIMD0, busy_time, 0.000000000000
792, GPU1.SA_13.CU_01.SIMD1, busy_time, 0.000000000000
793, GPU1.SA_13.CU_01.SIMD2, busy_time, 0.000000000000
794, GPU1.SA_13.CU_01.SIMD3, busy_time, 0.000000000000
795, GPU1.SA_13.CU_02.SIMD0, busy_time, 0.000000000000
796, GPU1.SA_13.CU_02.SIMD1, busy_time, 0.000000000000
797, GPU1.SA_13.CU_02.SIMD2, busy_time, 0.000000000000
798, GPU1.SA_13.CU_02.SIMD3, busy_time, 0.000000000000
799, GPU1.SA_13.CU_03.SIMD0, busy_time, 0.000000000000
800, GPU1.SA_13.CU_03.SIMD1, busy_time, 0.000000000000
801, GPU1.SA_13.CU_03.SIMD2, busy_time, 0.000000000000
802, GPU1.SA_13.CU_03.SIMD3, busy_time, 0.000000000000
803, GPU1.SA_14.CU_00.SIMD0, busy_time, 0.000000000000
804, GPU1.SA_14.CU_00.SIMD1, busy_time, 0.000000000000
805, GPU1.SA_14.CU_00.SIMD2, busy_time, 0.000000000000
806, GPU1.SA_14.CU_00.SIMD3, busy_time, 0.000000000000
807, GPU1.SA_14.CU_01.SIMD0, busy_time, 0.000000000000
808, GPU1.SA_14.CU_01.SIMD1, busy_time, 0.000000000000
809, GPU1.SA_14.CU_01.SIMD2, busy_time, 0.000000000000
810, GPU1.SA_14.CU_01.SIMD3, busy_time, 0.000000000000
811, GPU1.SA_14.CU_02.SIMD0, busy_time, 0.000000000000
812, GPU1.SA_14.CU_02.SIMD1, busy_time, 0.000000000000
813, GPU1.SA_14.CU_02.SIMD2, busy_time, 0.000000000000
814, GPU1.SA_14.CU_02.SIMD3, busy_time, 0.000000000000
815, GPU1.SA_14.CU_03.SIMD0, busy_time, 0.000000000000
816, GPU1.SA_14.CU_03.SIMD1, busy_time, 0.000000000000
817, GPU1.SA_14.CU_03.SIMD2, busy_time, 0.000000000000
818, GPU1.SA_14.CU_03.SIMD3, busy_time, 0.000000000000
819, GPU1.SA_15.CU_00.SIMD0, busy_time, 0.000000000000
820, GPU1.SA_15.CU_00.SIMD1, busy_time, 0.000000000000
821, GPU1.SA_15.CU_00.SIMD2, busy_time, 0.000000000000
822, GPU1.SA_15.CU_00.SIMD3, busy_time, 0.000000000000
823, GPU1.SA_15.CU_01.SIMD0, busy_time, 0.000000000000
824, GPU1.SA_15.CU_01.SIMD1, busy_time, 0.000000000000
825, GPU1.SA_15.CU_01.SIMD2, busy_time, 0.000000000000
826, GPU1.SA_15.CU_01.SIMD3, busy_time, 0.000000000000
827, GPU1.SA_15.CU_02.SIMD0, busy_time, 0.000000000000
828, GPU1.SA_15.CU_02.SIMD1, busy_time, 0.000000000000
829, GPU1.SA_15.CU_02.SIMD2, busy_time, 0.000000000000
830, GPU1.SA_15.CU_02.SIMD3, busy_time, 0.000000000000
831, GPU1.SA_15.CU_03.SIMD0, busy_time, 0.000000000000
832, GPU1.SA_15.CU_03.SIMD1, busy_time, 0.000000000000
833, GPU1.SA_15.CU_03.SIMD2, busy_time, 0.000000000000
834, GPU1.SA_15.CU_03.SIMD3, busy_time, 0.000000000000
835, GPU1.SA_00.L1ICache, req_average_latency, 0.000000177333
836, GPU1.SA_00.L1SCache, req_average_latency, 0.000000058000
837, GPU1.SA_00.L1VCache_00, req_average_latency, 0.000000061667
838, GPU1.L2_0, req_average_latency, 0.000000060333
839, GPU1.L2_1, req_average_latency, 0.000000062429
840, GPU1.L2_2, req_average_latency, 0.000000036000
841, GPU1.L2_3, req_average_latency, 0.000000036000
842, GPU1.L2_4, req_average_latency, 0.000000035333
843, GPU1.L2_5, req_average_latency, 0.000000002000
844, GPU1.L2_6, req_average_latency, 0.000000002000
845, GPU1.L2_7, req_average_latency, 0.000000002000
846, GPU1.L2_8, req_average_latency, 0.000000002000
847, GPU1.L2_9, req_average_latency, 0.000000002000
848, GPU1.L2_10, req_average_latency, 0.000000002000
849, GPU1.L2_11, req_average_latency, 0.000000002000
850, GPU1.L2_12, req_average_latency, 0.000000002000
851, GPU1.L2_13, req_average_latency, 0.000000002000
852, GPU1.L2_14, req_average_latency, 0.000000002000
853, GPU1.L2_15, req_average_latency, 0.000000002000
854, GPU1.SA_00.L1VCache_00, read-hit, 0.000000000000
855, GPU1.SA_00.L1VCache_00, read-miss, 8.000000000000
856, GPU1.SA_00.L1VCache_00, read-mshr-hit, 0.000000000000
857, GPU1.SA_00.L1VCache_00, write-hit, 0.000000000000
858, GPU1.SA_00.L1VCache_00, write-miss, 4.000000000000
859, GPU1.SA_00.L1VCache_00, write-mshr-hit, 0.000000000000
860, GPU1.SA_00.L1SCache, read-hit, 0.000000000000
861, GPU1.SA_00.L1SCache, read-miss, 2.000000000000
862, GPU1.SA_00.L1SCache, read-mshr-hit, 0.000000000000
863, GPU1.SA_00.L1SCache, write-hit, 0.000000000000
864, GPU1.SA_00.L1SCache, write-miss, 0.000000000000
865, GPU1.SA_00.L1SCache, write-mshr-hit, 0.000000000000
866, GPU1.SA_00.L1ICache, read-hit, 0.000000000000
867, GPU1.SA_00.L1ICache, read-miss, 6.000000000000
868, GPU1.SA_00.L1ICache, read-mshr-hit, 0.000000000000
869, GPU1.SA_00.L1ICache, write-hit, 0.000000000000
870, GPU1.SA_00.L1ICache, write-miss, 0.000000000000
871, GPU1.SA_00.L1ICache, write-mshr-hit, 0.000000000000
872, GPU1.L2_0, read-hit, 0.000000000000
873, GPU1.L2_0, read-miss, 6.000000000000
874, GPU1.L2_0, read-mshr-hit, 0.000000000000
875, GPU1.L2_0, write-hit, 0.000000000000
876, GPU1.L2_0, write-miss, 2.000000000000
877, GPU1.L2_0, write-mshr-hit, 0.000000000000
878, GPU1.L2_1, read-hit, 0.000000000000
879, GPU1.L2_1, read-miss, 4.000000000000
880, GPU1.L2_1, read-mshr-hit, 0.000000000000
881, GPU1.L2_1, write-hit, 0.000000000000
882, GPU1.L2_1, write-miss, 2.000000000000
883, GPU1.L2_1, write-mshr-hit, 0.000000000000
884, GPU1.L2_2, read-hit, 0.000000000000
885, GPU1.L2_2, read-miss, 2.000000000000
886, GPU1.L2_2, read-mshr-hit, 0.000000000000
887, GPU1.L2_2, write-hit, 0.000000000000
888, GPU1.L2_2, write-miss, 0.000000000000
889, GPU1.L2_2, write-mshr-hit, 0.000000000000
890, GPU1.L2_3, read-hit, 0.000000000000
891, GPU1.L2_3, read-miss, 2.000000000000
892, GPU1.L2_3, read-mshr-hit, 0.000000000000
893, GPU1.L2_3, write-hit, 0.000000000000
894, GPU1.L2_3, write-miss, 0.000000000000
895, GPU1.L2_3, write-mshr-hit, 0.000000000000
896, GPU1.L2_4, read-hit, 0.000000000000
897, GPU1.L2_4, read-miss, 2.000000000000
898, GPU1.L2_4, read-mshr-hit, 0.000000000000
899, GPU1.L2_4, write-hit, 0.000000000000
900, GPU1.L2_4, write-miss, 0.000000000000
901, GPU1.L2_4, write-mshr-hit, 0.000000000000
902, GPU1.SA_00.L1VTLB_00, hit, 0.000000000000
903, GPU1.SA_00.L1VTLB_00, miss, 3.000000000000
904, GPU1.SA_00.L1VTLB_00, mshr-hit, 9.000000000000
905, GPU1.SA_00.L1STLB, hit, 0.000000000000
906, GPU1.SA_00.L1STLB, miss, 2.000000000000
907, GPU1.SA_00.L1STLB, mshr-hit, 2.000000000000
908, GPU1.SA_00.L1ITLB, hit, 5.000000000000
909, GPU1.SA_00.L1ITLB, miss, 1.000000000000
910, GPU1.SA_00.L1ITLB, mshr-hit, 0.000000000000
911, GPU1.L2TLB, hit, 0.000000000000
912, GPU1.L2TLB, miss, 6.000000000000
913, GPU1.L2TLB, mshr-hit, 0.000000000000
914, GPU1.RDMA, outgoing_trans_count, 0.000000000000
915, GPU1.RDMA, incoming_trans_count, 0.000000000000
916, GPU1.DRAM_0, read_trans_count, 8.000000000000
917, GPU1.DRAM_0, write_trans_count, 10.000000000000
918, GPU1.DRAM_0, read_avg_latency, 0.000000000000
919, GPU1.DRAM_0, write_avg_latency, 0.000000000000
920, GPU1.DRAM_0, read_size, 512.000000000000
921, GPU1.DRAM_0, write_size, 624.000000000000
922, GPU1.DRAM_1, read_trans_count, 6.000000000000
923, GPU1.DRAM_1, write_trans_count, 8.000000000000
924, GPU1.DRAM_1, read_avg_latency, 0.000000000000
925, GPU1.DRAM_1, write_avg_latency, 0.000000000000
926, GPU1.DRAM_1, read_size, 384.000000000000
927, GPU1.DRAM_1, write_size, 512.000000000000
928, GPU1.DRAM_2, read_trans_count, 2.000000000000
929, GPU1.DRAM_2, write_trans_count, 2.000000000000
930, GPU1.DRAM_2, read_avg_latency, 0.000000000000
931, GPU1.DRAM_2, write_avg_latency, 0.000000000000
932, GPU1.DRAM_2, read_size, 128.000000000000
933, GPU1.DRAM_2, write_size, 128.000000000000
934, GPU1.DRAM_3, read_trans_count, 2.000000000000
935, GPU1.DRAM_3, write_trans_count, 1.000000000000
936, GPU1.DRAM_3, read_avg_latency, 0.000000000000
937, GPU1.DRAM_3, write_avg_latency, 0.000000000000
938, GPU1.DRAM_3, read_size, 128.000000000000
939, GPU1.DRAM_3, write_size, 12.000000000000
940, GPU1.DRAM_4, read_trans_count, 2.000000000000
941, GPU1.DRAM_4, write_trans_count, 0.000000000000
942, GPU1.DRAM_4, read_avg_latency, 0.000000000000
943, GPU1.DRAM_4, write_avg_latency, 0.000000000000
944, GPU1.DRAM_4, read_size, 128.000000000000
945, GPU1.DRAM_4, write_size, 0.000000000000
946, GPU1.DRAM_5, read_trans_count, 0.000000000000
947, GPU1.DRAM_5, write_trans_count, 0.000000000000
948, GPU1.DRAM_5, read_avg_latency, 0.000000000000
949, GPU1.DRAM_5, write_avg_latency, 0.000000000000
950, GPU1.DRAM_5, read_size, 0.000000000000
951, GPU1.DRAM_5, write_size, 0.000000000000
952, GPU1.DRAM_6, read_trans_count, 0.000000000000
953, GPU1.DRAM_6, write_trans_count, 0.000000000000
954, GPU1.DRAM_6, read_avg_latency, 0.000000000000
955, GPU1.DRAM_6, write_avg_latency, 0.000000000000
956, GPU1.DRAM_6, read_size, 0.000000000000
957, GPU1.DRAM_6, write_size, 0.000000000000
958, GPU1.DRAM_7, read_trans_count, 0.000000000000
959, GPU1.DRAM_7, write_trans_count, 0.000000000000
960, GPU1.DRAM_7, read_avg_latency, 0.000000000000
961, GPU1.DRAM_7, write_avg_latency, 0.000000000000
962, GPU1.DRAM_7, read_size, 0.000000000000
963, GPU1.DRAM_7, write_size, 0.000000000000
964, GPU1.DRAM_8, read_trans_count, 0.000000000000
965, GPU1.DRAM_8, write_trans_count, 0.000000000000
966, GPU1.DRAM_8, read_avg_latency, 0.000000000000
967, GPU1.DRAM_8, write_avg_latency, 0.000000000000
968, GPU1.DRAM_8, read_size, 0.000000000000
969, GPU1.DRAM_8, write_size, 0.000000000000
970, GPU1.DRAM_9, read_trans_count, 0.000000000000
971, GPU1.DRAM_9, write_trans_count, 0.000000000000
972, GPU1.DRAM_9, read_avg_latency, 0.000000000000
973, GPU1.DRAM_9, write_avg_latency, 0.000000000000
974, GPU1.DRAM_9, read_size, 0.000000000000
975, GPU1.DRAM_9, write_size, 0.000000000000
976, GPU1.DRAM_10, read_trans_count, 0.000000000000
977, GPU1.DRAM_10, write_trans_count, 0.000000000000
978, GPU1.DRAM_10, read_avg_latency, 0.000000000000
979, GPU1.DRAM_10, write_avg_latency, 0.000000000000
980, GPU1.DRAM_10, read_size, 0.000000000000
981, GPU1.DRAM_10, write_size, 0.000000000000
982, GPU1.DRAM_11, read_trans_count, 0.000000000000
983, GPU1.DRAM_11, write_trans_count, 0.000000000000
984, GPU1.DRAM_11, read_avg_latency, 0.000000000000
985, GPU1.DRAM_11, write_avg_latency, 0.000000000000
986, GPU1.DRAM_11, read_size, 0.000000000000
987, GPU1.DRAM_11, write_size, 0.000000000000
988, GPU1.DRAM_12, read_trans_count, 0.000000000000
989, GPU1.DRAM_12, write_trans_count, 0.000000000000
990, GPU1.DRAM_12, read_avg_latency, 0.000000000000
991, GPU1.DRAM_12, write_avg_latency, 0.000000000000
992, GPU1.DRAM_12, read_size, 0.000000000000
993, GPU1.DRAM_12, write_size, 0.000000000000
994, GPU1.DRAM_13, read_trans_count, 0.000000000000
995, GPU1.DRAM_13, write_trans_count, 0.000000000000
996, GPU1.DRAM_13, read_avg_latency, 0.000000000000
997, GPU1.DRAM_13, write_avg_latency, 0.000000000000
998, GPU1.DRAM_13, read_size, 0.000000000000
999, GPU1.DRAM_13, write_size, 0.000000000000
1000, GPU1.DRAM_14, read_trans_count, 0.000000000000
1001, GPU1.DRAM_14, write_trans_count, 0.000000000000
1002, GPU1.DRAM_14, read_avg_latency, 0.000000000000
1003, GPU1.DRAM_14, write_avg_latency, 0.000000000000
1004, GPU1.DRAM_14, read_size, 0.000000000000
1005, GPU1.DRAM_14, write_size, 0.000000000000
1006, GPU1.DRAM_15, read_trans_count, 0.000000000000
1007, GPU1.DRAM_15, write_trans_count, 0.000000000000
1008, GPU1.DRAM_15, read_avg_latency, 0.000000000000
1009, GPU1.DRAM_15, write_avg_latency, 0.000000000000
1010, GPU1.DRAM_15, read_size, 0.000000000000
1011, GPU1.DRAM_15, write_size, 0.000000000000
